-- phpMyAdmin SQL Dump
-- version 5.0.2
-- https://www.phpmyadmin.net/
--
-- Host: localhost
-- Generation Time: Oct 02, 2020 at 05:11 PM
-- Server version: 5.7.24
-- PHP Version: 7.4.10

SET SQL_MODE = "NO_AUTO_VALUE_ON_ZERO";
START TRANSACTION;
SET time_zone = "+00:00";


/*!40101 SET @OLD_CHARACTER_SET_CLIENT=@@CHARACTER_SET_CLIENT */;
/*!40101 SET @OLD_CHARACTER_SET_RESULTS=@@CHARACTER_SET_RESULTS */;
/*!40101 SET @OLD_COLLATION_CONNECTION=@@COLLATION_CONNECTION */;
/*!40101 SET NAMES utf8mb4 */;

--
-- Database: `ecommercerestfulapi`
--

-- --------------------------------------------------------

--
-- Table structure for table `failed_jobs`
--

CREATE TABLE `failed_jobs` (
  `id` bigint(20) UNSIGNED NOT NULL,
  `uuid` varchar(255) COLLATE utf8mb4_unicode_ci NOT NULL,
  `connection` text COLLATE utf8mb4_unicode_ci NOT NULL,
  `queue` text COLLATE utf8mb4_unicode_ci NOT NULL,
  `payload` longtext COLLATE utf8mb4_unicode_ci NOT NULL,
  `exception` longtext COLLATE utf8mb4_unicode_ci NOT NULL,
  `failed_at` timestamp NOT NULL DEFAULT CURRENT_TIMESTAMP
) ENGINE=InnoDB DEFAULT CHARSET=utf8mb4 COLLATE=utf8mb4_unicode_ci;

-- --------------------------------------------------------

--
-- Table structure for table `migrations`
--

CREATE TABLE `migrations` (
  `id` int(10) UNSIGNED NOT NULL,
  `migration` varchar(255) COLLATE utf8mb4_unicode_ci NOT NULL,
  `batch` int(11) NOT NULL
) ENGINE=InnoDB DEFAULT CHARSET=utf8mb4 COLLATE=utf8mb4_unicode_ci;

--
-- Dumping data for table `migrations`
--

INSERT INTO `migrations` (`id`, `migration`, `batch`) VALUES
(1, '2014_10_12_000000_create_users_table', 1),
(2, '2014_10_12_100000_create_password_resets_table', 1),
(3, '2019_08_19_000000_create_failed_jobs_table', 1),
(4, '2020_09_30_093212_create_products_table', 1),
(5, '2020_10_02_160102_create_reviews_table', 1);

-- --------------------------------------------------------

--
-- Table structure for table `password_resets`
--

CREATE TABLE `password_resets` (
  `email` varchar(255) COLLATE utf8mb4_unicode_ci NOT NULL,
  `token` varchar(255) COLLATE utf8mb4_unicode_ci NOT NULL,
  `created_at` timestamp NULL DEFAULT NULL
) ENGINE=InnoDB DEFAULT CHARSET=utf8mb4 COLLATE=utf8mb4_unicode_ci;

-- --------------------------------------------------------

--
-- Table structure for table `products`
--

CREATE TABLE `products` (
  `id` bigint(20) UNSIGNED NOT NULL,
  `name` varchar(255) COLLATE utf8mb4_unicode_ci NOT NULL,
  `detail` text COLLATE utf8mb4_unicode_ci NOT NULL,
  `price` int(11) NOT NULL,
  `stock` int(11) NOT NULL,
  `discount` int(11) NOT NULL,
  `created_at` timestamp NULL DEFAULT NULL,
  `updated_at` timestamp NULL DEFAULT NULL
) ENGINE=InnoDB DEFAULT CHARSET=utf8mb4 COLLATE=utf8mb4_unicode_ci;

--
-- Dumping data for table `products`
--

INSERT INTO `products` (`id`, `name`, `detail`, `price`, `stock`, `discount`, `created_at`, `updated_at`) VALUES
(1, 'odio', 'Quia non vel occaecati hic error est consequatur veniam. Quia rerum tenetur error unde deserunt aperiam quos. Voluptatibus voluptatem aut ab dicta.', 1746, 6, 15, '2020-10-02 11:07:56', '2020-10-02 11:07:56'),
(2, 'quia', 'Qui iusto suscipit nesciunt et eligendi omnis. Animi aperiam molestias quidem voluptatem molestias exercitationem sunt. Et eius assumenda aspernatur magnam et. Consequatur facere non eligendi in velit molestiae voluptas.', 196, 3, 6, '2020-10-02 11:07:56', '2020-10-02 11:07:56'),
(3, 'dolorem', 'Quia voluptatem dolor deserunt illo. Eum aut minima omnis libero in tenetur pariatur. Perferendis sit voluptas voluptatem cum quos tempora. Necessitatibus reprehenderit qui quam nisi unde quia non.', 951, 2, 6, '2020-10-02 11:07:56', '2020-10-02 11:07:56'),
(4, 'nesciunt', 'Qui consequatur atque omnis qui. Voluptatum aut aut qui ut ut. Mollitia impedit aperiam et harum minima totam assumenda.', 452, 5, 18, '2020-10-02 11:07:56', '2020-10-02 11:07:56'),
(5, 'iste', 'Dolor quaerat aut quae qui quia qui. Amet tenetur aut sint at. Fugit enim vel quis deleniti beatae molestias.', 1529, 7, 15, '2020-10-02 11:07:56', '2020-10-02 11:07:56'),
(6, 'qui', 'Qui eveniet sunt esse vel. Et et dolorum fuga. Facere id porro facere. Amet rem minima magni natus a. In asperiores dolorum dignissimos et minima sit voluptatem.', 1858, 5, 15, '2020-10-02 11:07:56', '2020-10-02 11:07:56'),
(7, 'suscipit', 'Voluptatibus qui tempora sapiente est quasi quidem autem. Beatae commodi suscipit aut autem ut. Alias nihil ut totam. Provident ut consequuntur voluptates vitae.', 1593, 3, 8, '2020-10-02 11:07:56', '2020-10-02 11:07:56'),
(8, 'et', 'Corrupti eligendi consequatur impedit voluptatem. Perspiciatis rerum odit voluptas qui ab at. Aliquam nobis culpa in consequatur cupiditate at.', 812, 5, 16, '2020-10-02 11:07:56', '2020-10-02 11:07:56'),
(9, 'ex', 'Et fugit aut ea eos sint numquam dolor maxime. Molestiae id sed ab placeat. Et et dolorem beatae eum maiores voluptatibus et vitae.', 79, 7, 9, '2020-10-02 11:07:56', '2020-10-02 11:07:56'),
(10, 'molestiae', 'Placeat voluptas necessitatibus laboriosam occaecati fugit rerum. Et non atque modi quos corrupti assumenda ea iste. Provident sint iste et odit sint optio. Eligendi id consequatur nemo suscipit. Reprehenderit quia delectus eos nam rem id dolores.', 305, 0, 15, '2020-10-02 11:07:56', '2020-10-02 11:07:56'),
(11, 'numquam', 'Ut dolore numquam enim eos molestiae quasi. Debitis perspiciatis quia sint eveniet rerum est ipsum. Ut qui voluptates maxime fugit ut ullam voluptates sed. Impedit dolore praesentium molestiae eum autem.', 1583, 8, 15, '2020-10-02 11:07:56', '2020-10-02 11:07:56'),
(12, 'maiores', 'Sit nulla dolorum laudantium rerum. Provident ut deserunt sit alias. In quia incidunt aut ut est minus impedit facere. Quo porro nostrum at itaque.', 605, 8, 12, '2020-10-02 11:07:56', '2020-10-02 11:07:56'),
(13, 'libero', 'Ratione quas libero nisi corrupti aliquam et. Dicta quia cum incidunt non rerum. Ad ratione iure vero sint ipsam nihil nihil.', 1678, 6, 15, '2020-10-02 11:07:56', '2020-10-02 11:07:56'),
(14, 'accusantium', 'Eos nostrum quasi nesciunt soluta explicabo id. Et quia est illum aut. Quibusdam eius voluptatem aut quibusdam suscipit officia. Placeat in quo aut itaque id ea autem.', 1277, 6, 13, '2020-10-02 11:07:56', '2020-10-02 11:07:56'),
(15, 'enim', 'Nihil dolore sunt sit voluptas. Quis aliquam eius deserunt fugiat possimus et facilis. Ducimus aliquam sint accusamus inventore maxime fuga neque.', 294, 5, 9, '2020-10-02 11:07:56', '2020-10-02 11:07:56'),
(16, 'optio', 'Eligendi doloremque modi asperiores officiis et. Maiores ducimus consequatur est qui qui. Voluptas est veritatis et labore illo eum omnis. Et quia iure fuga et reiciendis.', 363, 1, 14, '2020-10-02 11:07:56', '2020-10-02 11:07:56'),
(17, 'rem', 'Eaque iste quia corporis facere praesentium impedit. Sunt dolorum cupiditate aspernatur. Sed id vel ut. Id ipsa maiores ut nisi hic et sed. Error et aliquam quaerat saepe deserunt eveniet.', 125, 4, 5, '2020-10-02 11:07:56', '2020-10-02 11:07:56'),
(18, 'sunt', 'Exercitationem soluta voluptatum natus nemo eos consequuntur. Doloribus dolor totam numquam omnis ipsam officia a. Quod eveniet ut et aut necessitatibus voluptas. Molestiae veritatis laborum tenetur doloribus dicta voluptates.', 541, 2, 6, '2020-10-02 11:07:56', '2020-10-02 11:07:56'),
(19, 'beatae', 'Recusandae quae velit possimus eum. Nulla in consequuntur hic consequuntur est blanditiis. Id placeat quis natus quis placeat provident consequatur. Consequatur veritatis delectus asperiores quod odit.', 441, 9, 9, '2020-10-02 11:07:56', '2020-10-02 11:07:56'),
(20, 'in', 'Quis temporibus iste qui occaecati autem voluptatibus accusamus provident. Sed sit ea ut est neque et. Corporis ipsum aliquid porro aut et. Dolores repellat accusamus consectetur earum molestiae unde temporibus tenetur.', 598, 6, 6, '2020-10-02 11:07:56', '2020-10-02 11:07:56'),
(21, 'fuga', 'Aut voluptas nostrum ad architecto a. Rerum autem praesentium perferendis earum libero est. Et eum officia quia aut quia tempora. Consequuntur at ducimus fugit harum quaerat maxime. Blanditiis quia non facere rem debitis.', 961, 6, 14, '2020-10-02 11:07:56', '2020-10-02 11:07:56'),
(22, 'et', 'Aut et et consequuntur qui ad nihil sunt. Debitis est possimus voluptatem et dolorem nostrum. Aut similique veritatis consequatur molestiae distinctio explicabo doloremque. Eum ad assumenda voluptas et modi rerum ut.', 602, 6, 13, '2020-10-02 11:07:56', '2020-10-02 11:07:56'),
(23, 'iusto', 'Quas nam quo laboriosam magni. Aspernatur corrupti et aliquam et ea libero eum. Eos dolores provident sapiente deleniti accusantium possimus quidem.', 1017, 7, 15, '2020-10-02 11:07:56', '2020-10-02 11:07:56'),
(24, 'debitis', 'Fugit error consequatur nihil numquam et voluptatem. Nulla possimus ea quidem. In sed eos veritatis sunt quo autem perspiciatis impedit. Neque facilis et voluptate aperiam tenetur iure sed. Delectus quis accusamus vero necessitatibus deleniti velit qui.', 1939, 9, 15, '2020-10-02 11:07:56', '2020-10-02 11:07:56'),
(25, 'aspernatur', 'Quos voluptates et cupiditate fugiat dolore id. Nihil aliquid ratione sit ipsa. Aut nemo dolores laborum beatae. Atque voluptates at autem ab mollitia.', 1358, 5, 10, '2020-10-02 11:07:56', '2020-10-02 11:07:56'),
(26, 'inventore', 'Hic odio qui repudiandae ullam consequuntur. Eum sed delectus suscipit reprehenderit quae ipsa. Odit ipsam commodi odit nihil facere blanditiis. Ducimus vel sed cum est quasi sapiente.', 1950, 1, 11, '2020-10-02 11:07:56', '2020-10-02 11:07:56'),
(27, 'vel', 'Ut saepe enim incidunt nesciunt dicta qui quasi. Officia quidem sint nisi unde distinctio sed. Magnam rem doloribus sint inventore id. Et inventore laborum odit. Ut vero harum porro adipisci quidem asperiores.', 826, 7, 17, '2020-10-02 11:07:56', '2020-10-02 11:07:56'),
(28, 'labore', 'Non placeat maiores ea aut. Corporis nihil magni qui illum et. Sint consequatur reprehenderit qui voluptatem voluptates. Quas itaque aspernatur quia quasi est reiciendis et.', 1285, 0, 9, '2020-10-02 11:07:56', '2020-10-02 11:07:56'),
(29, 'velit', 'Est repudiandae nulla ex numquam ut nisi voluptate occaecati. Ut hic qui consequatur eum corrupti. Est et quia eum perspiciatis laudantium.', 331, 8, 9, '2020-10-02 11:07:56', '2020-10-02 11:07:56'),
(30, 'similique', 'Quisquam odit quia magni officia voluptatem. Quas aperiam recusandae magnam et unde nisi. Recusandae libero beatae quisquam distinctio nisi sunt facilis.', 511, 7, 16, '2020-10-02 11:07:56', '2020-10-02 11:07:56');

-- --------------------------------------------------------

--
-- Table structure for table `reviews`
--

CREATE TABLE `reviews` (
  `id` bigint(20) UNSIGNED NOT NULL,
  `product_id` bigint(20) UNSIGNED NOT NULL,
  `customer` varchar(255) COLLATE utf8mb4_unicode_ci NOT NULL,
  `review` text COLLATE utf8mb4_unicode_ci NOT NULL,
  `star` int(11) NOT NULL,
  `created_at` timestamp NULL DEFAULT NULL,
  `updated_at` timestamp NULL DEFAULT NULL
) ENGINE=InnoDB DEFAULT CHARSET=utf8mb4 COLLATE=utf8mb4_unicode_ci;

--
-- Dumping data for table `reviews`
--

INSERT INTO `reviews` (`id`, `product_id`, `customer`, `review`, `star`, `created_at`, `updated_at`) VALUES
(1, 27, 'Prof. Michel Dickinson V', 'Voluptate quisquam facilis quos asperiores. Fugit nobis ipsum ipsa consectetur sapiente. Ducimus voluptas voluptatibus facilis optio itaque ullam aliquam necessitatibus. Vel doloribus minima et asperiores ad.', 1, '2020-10-02 11:07:56', '2020-10-02 11:07:56'),
(2, 30, 'Wilfrid Hamill', 'Reprehenderit accusamus id consequatur natus ut nihil qui. Porro et incidunt eveniet in adipisci laboriosam aut eaque. Fugiat facilis facere et aut. Voluptatum et molestias eaque.', 2, '2020-10-02 11:07:56', '2020-10-02 11:07:56'),
(3, 18, 'Alisha Romaguera', 'Error quia quaerat et maiores et. Omnis nesciunt voluptatum odio quo id aut.', 3, '2020-10-02 11:07:56', '2020-10-02 11:07:56'),
(4, 27, 'Cesar Wyman DVM', 'Quia voluptatem architecto quaerat eos hic inventore consequuntur. Possimus enim ipsum eveniet eaque tempora. Magnam non itaque vel molestiae. Ullam cum laborum ullam consequatur possimus sed quaerat.', 3, '2020-10-02 11:07:56', '2020-10-02 11:07:56'),
(5, 11, 'Ms. Beaulah McClure Sr.', 'Nam voluptas placeat sed rerum assumenda. Distinctio quas ullam veritatis velit commodi ea. Sint sunt et non necessitatibus.', 1, '2020-10-02 11:07:56', '2020-10-02 11:07:56'),
(6, 11, 'Wiley Corkery', 'Quia sit aspernatur molestiae natus id et unde officiis. Fugit vitae deserunt mollitia nemo ipsa quis. Dolore dolorem adipisci eveniet earum corporis eum laudantium. Ipsum omnis est rerum rerum repudiandae eos impedit nobis.', 0, '2020-10-02 11:07:56', '2020-10-02 11:07:56'),
(7, 10, 'Frederique Collins', 'Asperiores debitis exercitationem id ut dicta et quia. Et perferendis ea vitae at fuga. Iure possimus rem dolores aut non atque sit. Reiciendis et odit voluptatem sit.', 1, '2020-10-02 11:07:56', '2020-10-02 11:07:56'),
(8, 3, 'Kimberly Powlowski', 'Ut dolor rerum facilis placeat. Veniam et voluptas mollitia assumenda illo repellendus voluptas facere. Quia et consequuntur nisi ipsam nostrum nihil velit.', 1, '2020-10-02 11:07:56', '2020-10-02 11:07:56'),
(9, 7, 'Alfonzo Dickens', 'Qui aperiam odio quam dolor necessitatibus. Atque autem nulla asperiores impedit ratione distinctio. Qui nam nesciunt quas sint autem. Eum vero aut est. Id eligendi tempora fuga facere perferendis.', 2, '2020-10-02 11:07:56', '2020-10-02 11:07:56'),
(10, 8, 'Anissa Barrows', 'Voluptate dolores quis dicta. Quis ducimus odit corporis soluta eum. Aut nihil voluptas optio laudantium consequuntur eaque culpa.', 5, '2020-10-02 11:07:56', '2020-10-02 11:07:56'),
(11, 30, 'Demond Eichmann Sr.', 'Dolores ut id harum et eveniet. Blanditiis sunt minus incidunt molestiae. Dolores ut et vero qui consequatur nam.', 2, '2020-10-02 11:07:56', '2020-10-02 11:07:56'),
(12, 26, 'Prof. Aleen Skiles III', 'Non illum earum et sed nulla. Qui eum velit necessitatibus quia. Sit veniam fugit blanditiis blanditiis numquam.', 5, '2020-10-02 11:07:56', '2020-10-02 11:07:56'),
(13, 30, 'Brandy Fritsch', 'Quos tempore id aliquam voluptatem. Deserunt et autem labore. Eos rem sequi quasi exercitationem porro voluptate eos.', 3, '2020-10-02 11:07:56', '2020-10-02 11:07:56'),
(14, 22, 'Osvaldo Grant', 'Mollitia voluptatibus voluptatem et nemo molestiae. Est impedit quasi id recusandae nemo architecto. Earum repudiandae repellendus commodi eos est.', 3, '2020-10-02 11:07:56', '2020-10-02 11:07:56'),
(15, 6, 'Jacinthe Pouros', 'Dicta qui itaque distinctio eveniet. Repellat expedita voluptas omnis est illum unde. Ducimus qui perspiciatis quae impedit.', 4, '2020-10-02 11:07:56', '2020-10-02 11:07:56'),
(16, 22, 'Prof. Fredy Hamill PhD', 'Sit voluptatem totam molestiae culpa dolore porro. Cupiditate laboriosam quasi dolorem ipsum culpa. Dicta optio nihil iure cum in. Libero explicabo est id dolor deleniti quia qui.', 0, '2020-10-02 11:07:56', '2020-10-02 11:07:56'),
(17, 16, 'Miss Elisabeth Crist IV', 'Culpa quisquam expedita ut dicta tenetur. Ut atque ut ut sed qui magnam porro. Porro est nesciunt nostrum placeat. Non rerum laboriosam consectetur doloribus tempore sequi molestias est.', 0, '2020-10-02 11:07:56', '2020-10-02 11:07:56'),
(18, 15, 'Judah Koelpin DDS', 'Qui autem qui perspiciatis id numquam vel. Aut minima dignissimos vel aut inventore occaecati. Voluptatem deleniti voluptas aliquam sit voluptatem sit quo quam. Rerum id est ipsam est.', 0, '2020-10-02 11:07:56', '2020-10-02 11:07:56'),
(19, 30, 'Herminia Wilkinson', 'Repellat vero eos explicabo perferendis. Deserunt quia asperiores sed. Deleniti occaecati ex facere beatae itaque qui.', 3, '2020-10-02 11:07:56', '2020-10-02 11:07:56'),
(20, 26, 'German Walsh', 'Quas fuga non sit. Eaque vel tempore expedita autem ut. Sunt molestias quae numquam. Sit et debitis qui hic quam consequatur accusamus.', 0, '2020-10-02 11:07:56', '2020-10-02 11:07:56'),
(21, 11, 'Mr. Dagmar Ondricka DVM', 'Possimus voluptas delectus harum nihil. Magnam odio ut sunt provident sunt est ad. Consequatur voluptatibus soluta aliquam et distinctio fugit. Ex illum fugit minima voluptates recusandae ut omnis.', 3, '2020-10-02 11:07:56', '2020-10-02 11:07:56'),
(22, 6, 'Denis Romaguera', 'Reiciendis porro ex quia necessitatibus. Porro quam et et voluptas accusantium. Quia qui voluptas voluptas beatae quas. Dolores non commodi ut autem repellat aut delectus.', 2, '2020-10-02 11:07:56', '2020-10-02 11:07:56'),
(23, 29, 'Brody Larkin I', 'Odio rerum et ut dolores sed qui. Cumque expedita dolores quo minus. Nobis consectetur quaerat quos doloremque ipsam est nam.', 4, '2020-10-02 11:07:56', '2020-10-02 11:07:56'),
(24, 30, 'Amiya Schmidt', 'Sunt excepturi rerum quia et nihil. Quae accusamus et ea.', 2, '2020-10-02 11:07:56', '2020-10-02 11:07:56'),
(25, 17, 'Anna Kassulke V', 'Voluptatem est nemo vero omnis. Culpa distinctio magni labore est quidem. Ut non dolores asperiores hic.', 1, '2020-10-02 11:07:56', '2020-10-02 11:07:56'),
(26, 10, 'Kristy Halvorson', 'Commodi molestiae sit blanditiis est odit cumque molestias. Quia consectetur ut explicabo quam. Omnis amet ratione assumenda cupiditate numquam placeat mollitia. Incidunt autem omnis ab inventore ipsum qui.', 3, '2020-10-02 11:07:56', '2020-10-02 11:07:56'),
(27, 18, 'Eleanora Thiel PhD', 'Et accusantium minus quis perferendis dolor quae et. Adipisci est iste labore quo nemo eveniet. Unde et dolores voluptatem laudantium saepe. Delectus dolorem dolor voluptate quis quae maiores et.', 2, '2020-10-02 11:07:56', '2020-10-02 11:07:56'),
(28, 16, 'Dr. Garth Roob', 'Sit nisi iste dignissimos quia et magni. Explicabo est repellat quia veritatis. Molestiae laudantium molestiae occaecati quia sed ullam.', 4, '2020-10-02 11:07:56', '2020-10-02 11:07:56'),
(29, 8, 'Dr. Shad Gleason MD', 'Perspiciatis doloribus laborum deserunt rerum molestias blanditiis dicta. Aspernatur reprehenderit dolorum eius dolores repudiandae amet. Distinctio aspernatur blanditiis consequuntur impedit. Ratione eveniet facilis ullam deleniti numquam.', 0, '2020-10-02 11:07:56', '2020-10-02 11:07:56'),
(30, 16, 'Miss Alexa Littel', 'Non vel voluptatem in soluta tempore officiis quis quod. Impedit accusantium non non ut est facere nostrum. Natus non voluptatem ipsa molestiae odio. Qui minima impedit distinctio dolorem magnam inventore. Quo quae magnam veniam id et non voluptatem.', 5, '2020-10-02 11:07:56', '2020-10-02 11:07:56'),
(31, 13, 'Kattie Aufderhar', 'In ut magni quis nihil sed. Numquam facilis magni incidunt neque et. Et velit ullam esse in. Aut amet porro maxime consequatur et illo voluptates. Quia laudantium dicta neque quam ea nihil.', 0, '2020-10-02 11:07:56', '2020-10-02 11:07:56'),
(32, 19, 'Edd Leannon MD', 'Aperiam quis labore sit sed quis. Ex et qui temporibus corporis quisquam quia. Ut officia iusto et numquam qui quidem voluptatem. Molestias quidem non quis.', 3, '2020-10-02 11:07:56', '2020-10-02 11:07:56'),
(33, 10, 'Sydnee Lynch', 'Consequatur praesentium magnam id ex aliquid. Quisquam odit est aut. Iste consequatur repudiandae maxime quod rerum eos nam. Pariatur magni illo quidem voluptatem. Veritatis amet voluptatem sed consequatur omnis ut.', 3, '2020-10-02 11:07:56', '2020-10-02 11:07:56'),
(34, 23, 'Dr. Maurice Murphy V', 'Voluptates doloribus voluptas doloremque autem tenetur enim. Aut sed ea ducimus et labore. Repellendus aperiam quia explicabo nihil occaecati autem iste. Aut odio consectetur officia odio. Sunt assumenda quod sed tempora dignissimos assumenda.', 4, '2020-10-02 11:07:56', '2020-10-02 11:07:56'),
(35, 15, 'Erling Bechtelar', 'Sunt ipsam blanditiis cum et quam neque. Qui tempora enim voluptas delectus eos quidem. Et ut velit at velit neque perferendis laboriosam. Voluptatum dolores molestias ullam voluptates autem eligendi dolore. Magni est ratione quas earum id reiciendis.', 5, '2020-10-02 11:07:56', '2020-10-02 11:07:56'),
(36, 25, 'Ivah Nader', 'Quisquam sequi non adipisci impedit corrupti et eos. Quia illum sed cumque voluptatibus omnis numquam. Hic incidunt veritatis ratione reiciendis et. Porro eveniet vero omnis ea.', 3, '2020-10-02 11:07:56', '2020-10-02 11:07:56'),
(37, 15, 'Prof. Frederic Haley', 'Quasi consequatur vel fugiat molestiae magni. Eos quia culpa ut sint quisquam. Odit id voluptate voluptatibus corporis commodi.', 0, '2020-10-02 11:07:56', '2020-10-02 11:07:56'),
(38, 24, 'Dr. Elvie Hartmann IV', 'Sit itaque qui maxime rem quidem. Nemo itaque exercitationem ratione. Neque non in officia impedit impedit et voluptates. Ipsum eum aut et quia.', 3, '2020-10-02 11:07:56', '2020-10-02 11:07:56'),
(39, 27, 'Dr. Cleveland White', 'Numquam sunt occaecati qui sunt et. Optio soluta labore officiis a quia voluptas. Aliquid cum natus aut dignissimos saepe corporis in. Doloribus totam in aut veniam.', 2, '2020-10-02 11:07:56', '2020-10-02 11:07:56'),
(40, 29, 'Delphine Schaden', 'Temporibus quidem pariatur quas dolorem cumque provident fuga. Sit commodi nulla voluptas qui laudantium ipsum. Laudantium quod vitae harum consequatur consequatur.', 5, '2020-10-02 11:07:56', '2020-10-02 11:07:56'),
(41, 14, 'Mr. Roderick Bruen', 'Est nobis minima vel itaque asperiores pariatur fuga. Saepe et ab aut reiciendis. In non harum illo ut qui nulla alias aspernatur.', 2, '2020-10-02 11:07:56', '2020-10-02 11:07:56'),
(42, 5, 'Tyrese Bode II', 'Nihil enim sed dolores. Molestiae quaerat at quos quod rerum et eum. Consequatur animi iusto exercitationem.', 2, '2020-10-02 11:07:56', '2020-10-02 11:07:56'),
(43, 30, 'Blanca Streich', 'Aperiam eaque odio eum voluptatem. Est voluptatem necessitatibus doloribus deserunt doloremque ullam illum. Et at eum sequi alias. Nam aperiam quidem aut nihil saepe.', 1, '2020-10-02 11:07:56', '2020-10-02 11:07:56'),
(44, 7, 'Kurt Rogahn', 'Quaerat exercitationem qui ipsum. Ea adipisci adipisci alias. Culpa harum quo magnam sunt alias neque sed. Ut qui ad ut rerum. Repellat aliquid omnis aut voluptas et.', 4, '2020-10-02 11:07:56', '2020-10-02 11:07:56'),
(45, 3, 'Dr. Velva Blick', 'Ut architecto sunt sint aliquam veritatis mollitia. Quae praesentium cum sit quo quae dicta. Et aliquam dolore harum.', 1, '2020-10-02 11:07:56', '2020-10-02 11:07:56'),
(46, 18, 'Elfrieda Abshire', 'Voluptas ut incidunt occaecati hic. Maxime neque vero earum nobis. Inventore exercitationem quia sequi tempore nihil non.', 3, '2020-10-02 11:07:56', '2020-10-02 11:07:56'),
(47, 8, 'Mr. Albin Abshire', 'Illo quis eius voluptates adipisci doloremque ducimus quidem. Dolorem quas doloremque corporis earum. Vel doloremque perferendis voluptas quod blanditiis. Sit dolor nisi iusto rerum vero amet animi ea.', 5, '2020-10-02 11:07:56', '2020-10-02 11:07:56'),
(48, 4, 'Katrina Tremblay', 'Voluptates voluptas natus aperiam aperiam. Ut itaque ipsa exercitationem voluptate inventore perspiciatis veniam.', 4, '2020-10-02 11:07:56', '2020-10-02 11:07:56'),
(49, 18, 'Julien Hoppe', 'Dolores qui excepturi minus ad soluta. Voluptatem iure itaque eaque iste officiis ad. Laboriosam inventore corrupti aut mollitia numquam.', 0, '2020-10-02 11:07:56', '2020-10-02 11:07:56'),
(50, 2, 'Mr. Stanford Lockman V', 'Est qui quisquam harum facere. Eum nesciunt quaerat dignissimos eveniet numquam reprehenderit aut consectetur. Dolor et quas recusandae voluptatem. Id nobis laboriosam ea voluptatem est recusandae rem.', 5, '2020-10-02 11:07:56', '2020-10-02 11:07:56'),
(51, 21, 'Lilyan Beer', 'Neque perspiciatis doloribus aspernatur eos ea enim officia. Debitis voluptatem tempore ratione. Asperiores voluptatibus incidunt hic dolores voluptatem maiores fuga quidem. Et eum impedit voluptas et impedit. Consequatur maiores aut at deserunt quia ex autem minima.', 4, '2020-10-02 11:07:56', '2020-10-02 11:07:56'),
(52, 7, 'Meagan Padberg', 'Doloremque voluptas accusantium neque. Ducimus hic vero ducimus architecto sapiente aut. Expedita deleniti eum beatae fugiat autem.', 3, '2020-10-02 11:07:56', '2020-10-02 11:07:56'),
(53, 26, 'Mina Schneider', 'Perspiciatis ratione laudantium quo tempore. Voluptatum et assumenda harum maxime aut aspernatur ducimus. Eum voluptatibus accusantium quia pariatur non id dolorem. Rem voluptas eveniet tempore esse iste nobis.', 0, '2020-10-02 11:07:56', '2020-10-02 11:07:56'),
(54, 16, 'Clovis Herman Jr.', 'Inventore laboriosam est explicabo repellendus atque. Id possimus unde ipsum ut laborum dicta consectetur fugit. Eius id sed consequatur. Quia dolores cupiditate molestiae totam quos quo.', 0, '2020-10-02 11:07:56', '2020-10-02 11:07:56'),
(55, 3, 'Marcelino Feeney', 'Autem quo possimus vel atque magni. Qui et harum corrupti aut non laboriosam aut. Temporibus deserunt maiores nihil quae. Nesciunt eum dicta qui debitis.', 1, '2020-10-02 11:07:56', '2020-10-02 11:07:56'),
(56, 6, 'Miss Lenore Homenick Sr.', 'Nam quibusdam et quia neque ex qui. Corporis facere suscipit magnam doloremque vitae. Cum ut nostrum sed molestiae.', 1, '2020-10-02 11:07:56', '2020-10-02 11:07:56'),
(57, 10, 'Elva Pouros MD', 'Blanditiis officia velit animi voluptatem ut et. Laboriosam illo cumque incidunt sit porro corrupti qui. Omnis sint magni ea. Dolorem sed velit vero quis.', 0, '2020-10-02 11:07:56', '2020-10-02 11:07:56'),
(58, 6, 'Ms. Marian Grimes I', 'Corrupti voluptas ex delectus vel rem quaerat exercitationem aspernatur. Aliquid fugiat similique voluptatum magnam hic ut. Enim aut facilis iste officiis. Earum exercitationem eos dignissimos enim dignissimos sed architecto esse. Id dolor tempore iure quasi qui sint.', 5, '2020-10-02 11:07:56', '2020-10-02 11:07:56'),
(59, 29, 'Magnus Waelchi', 'Optio expedita ad aut cum vitae cupiditate omnis error. Odio eligendi velit ipsam ratione.', 5, '2020-10-02 11:07:56', '2020-10-02 11:07:56'),
(60, 11, 'Miss Lauriane Leannon Jr.', 'Velit aliquam deserunt officiis id. Neque suscipit adipisci iusto eveniet.', 0, '2020-10-02 11:07:56', '2020-10-02 11:07:56'),
(61, 12, 'Mylene Kovacek', 'Voluptatem aut maxime tempora. Voluptas nisi ut eius temporibus ut corporis. Non rem eveniet vero non vitae ut. Vero consequatur facere repellat neque.', 3, '2020-10-02 11:07:56', '2020-10-02 11:07:56'),
(62, 25, 'Mr. Jaron Hammes', 'Iure deserunt corporis omnis eaque quos aut corrupti. Rem molestiae quibusdam sed maxime facilis ab natus laborum. Quia recusandae inventore et. Consectetur non nihil vero expedita dolores ea. Vero eius vitae quasi sunt eos expedita.', 0, '2020-10-02 11:07:56', '2020-10-02 11:07:56'),
(63, 25, 'Prof. Andy Pollich DVM', 'Optio minima quia ut. Vel eos sed corrupti fuga architecto vitae voluptas.', 5, '2020-10-02 11:07:56', '2020-10-02 11:07:56'),
(64, 24, 'Lance Goodwin', 'Dolor esse commodi vero autem. Impedit odio animi iste corrupti ea iure repellat. Placeat laborum rem molestiae praesentium.', 5, '2020-10-02 11:07:56', '2020-10-02 11:07:56'),
(65, 15, 'Mrs. Lois Heathcote II', 'Et nam aut necessitatibus praesentium quod fuga. Consequatur officia maiores nisi. Vel itaque eius numquam adipisci quia est.', 1, '2020-10-02 11:07:56', '2020-10-02 11:07:56'),
(66, 27, 'Prof. Valentin Pfeffer', 'Pariatur aliquid et repellendus est ipsa. Temporibus rem suscipit corrupti cumque. Eum ad blanditiis non omnis fuga et exercitationem. Sunt ea quae nulla odio odio voluptas saepe.', 0, '2020-10-02 11:07:56', '2020-10-02 11:07:56'),
(67, 21, 'Brando Brakus', 'Accusamus odit placeat velit rerum. Est vitae fuga eos ea ratione. Perferendis et rerum repellat vero. Aut illo minima architecto maiores.', 2, '2020-10-02 11:07:56', '2020-10-02 11:07:56'),
(68, 10, 'Arthur Nitzsche', 'Sit quisquam omnis et aspernatur sequi cumque eligendi nam. Eum nesciunt vitae aut dicta dolorem sed. Blanditiis rerum adipisci eaque porro fuga aut numquam. Ut aliquid eveniet et.', 4, '2020-10-02 11:07:56', '2020-10-02 11:07:56'),
(69, 4, 'Shanna Herzog', 'Natus nemo tenetur excepturi voluptatem corporis aliquam sequi. Ullam velit consectetur reprehenderit adipisci. Excepturi inventore quidem voluptas nobis. Et ipsa nam assumenda amet. Atque amet ducimus rerum velit voluptatem rerum.', 1, '2020-10-02 11:07:56', '2020-10-02 11:07:56'),
(70, 5, 'Prof. Carmel Cassin DDS', 'Qui iste quas quibusdam dolores temporibus dolores et. Iste rem est nihil quas veniam quia facilis. Tempora alias distinctio deleniti qui quasi magni eum. Est itaque velit sit.', 4, '2020-10-02 11:07:56', '2020-10-02 11:07:56'),
(71, 29, 'Jamarcus Toy', 'Fuga maiores quaerat facere nesciunt facere non dolorum perferendis. Quam ut ut tempora in omnis qui. Vero dolor voluptas laborum ipsam ad repudiandae.', 3, '2020-10-02 11:07:56', '2020-10-02 11:07:56'),
(72, 21, 'Eldridge Boyle', 'Non suscipit veniam tempora et aut facilis quos eum. Praesentium aspernatur totam consectetur doloribus enim quaerat laudantium omnis.', 5, '2020-10-02 11:07:56', '2020-10-02 11:07:56'),
(73, 18, 'Clinton Flatley', 'Expedita amet nulla impedit unde. Ab dolorem voluptas quae velit. Sit enim eius perferendis voluptatum reprehenderit a odio. Delectus aliquid cumque velit qui asperiores.', 2, '2020-10-02 11:07:56', '2020-10-02 11:07:56'),
(74, 14, 'Gabrielle Balistreri', 'Ab aut sed id optio quaerat rem reprehenderit. Atque architecto et maxime aut repudiandae aliquam ut. Blanditiis dolores omnis qui placeat asperiores. Provident illum libero suscipit facere nam.', 3, '2020-10-02 11:07:56', '2020-10-02 11:07:56'),
(75, 11, 'Quinten Beier', 'Nostrum iure nesciunt ab adipisci. Ab est consequatur accusamus non. Et ab deserunt quam ut autem et.', 0, '2020-10-02 11:07:56', '2020-10-02 11:07:56'),
(76, 21, 'August Lebsack', 'Ratione harum tenetur dolor rerum sint illo voluptatem magni. Aut similique voluptas quia aperiam. Quasi tempore officia aut excepturi non.', 0, '2020-10-02 11:07:56', '2020-10-02 11:07:56'),
(77, 21, 'Prof. Enrique Schmitt', 'Praesentium odio aut eligendi est et nesciunt est nesciunt. Cupiditate quis accusamus dolores magni. Cupiditate pariatur velit deleniti incidunt. Amet minus quo illo vel.', 3, '2020-10-02 11:07:56', '2020-10-02 11:07:56'),
(78, 8, 'Terrill Rau', 'Officia impedit sed placeat rerum maxime voluptas maiores laborum. Voluptatem iste eligendi excepturi vitae necessitatibus repellendus. Ex nisi adipisci in voluptate nihil.', 1, '2020-10-02 11:07:56', '2020-10-02 11:07:56'),
(79, 28, 'Mr. Tyrese Lueilwitz', 'Ut soluta eos qui est. Impedit aut sit vero aut quae. Sint odio aliquid iusto atque. Pariatur eos quam asperiores expedita.', 1, '2020-10-02 11:07:56', '2020-10-02 11:07:56'),
(80, 7, 'Brooklyn Weber', 'In sit quidem sit. Tenetur accusamus velit illum veritatis consequatur. Quae non soluta in blanditiis.', 1, '2020-10-02 11:07:56', '2020-10-02 11:07:56'),
(81, 22, 'Duane Flatley', 'Dolorem provident minus qui ut sit excepturi impedit. Fuga occaecati quos dignissimos nesciunt dolor quod. Nesciunt cumque repudiandae autem sunt aut. Et beatae qui rerum est hic est.', 3, '2020-10-02 11:07:56', '2020-10-02 11:07:56'),
(82, 17, 'Mr. Terrell Russel MD', 'Maxime ducimus hic voluptatem adipisci deserunt maxime sequi. Dolor excepturi fugit odio in dolores. Voluptatem qui cupiditate id cum fuga dolores soluta.', 1, '2020-10-02 11:07:56', '2020-10-02 11:07:56'),
(83, 3, 'Mrs. Ebony Hettinger Jr.', 'Eos totam in odio dolorum consectetur eos non. Quis accusamus debitis necessitatibus nulla deserunt molestiae temporibus.', 4, '2020-10-02 11:07:56', '2020-10-02 11:07:56'),
(84, 6, 'Margaret Heaney II', 'Quidem amet rerum excepturi eligendi. Numquam explicabo ab ut tempora. Sed est soluta quam voluptatem in. Quis id deleniti ea dolorem accusamus qui.', 0, '2020-10-02 11:07:56', '2020-10-02 11:07:56'),
(85, 28, 'Rowland Will', 'Facilis dolorem repellendus quaerat qui eveniet. Excepturi dolores pariatur hic. Ea porro dolor quia voluptatum et magni asperiores. Blanditiis consequatur deleniti labore qui exercitationem.', 1, '2020-10-02 11:07:56', '2020-10-02 11:07:56'),
(86, 19, 'Ashtyn Bednar', 'Maxime et natus molestiae eveniet et ad dicta. Soluta sapiente dolor nulla possimus sed ut quibusdam. Enim eaque accusantium laborum mollitia ullam.', 0, '2020-10-02 11:07:56', '2020-10-02 11:07:56'),
(87, 26, 'Tatum Thiel', 'A molestiae nesciunt quis fugiat. Ipsum voluptas aspernatur perferendis earum. Placeat qui repudiandae est accusantium quas. Consectetur ad vel id quia.', 0, '2020-10-02 11:07:56', '2020-10-02 11:07:56'),
(88, 7, 'Patricia Jaskolski', 'Autem vel aperiam qui aut quia atque commodi quasi. Id eum soluta dignissimos nihil provident. Nesciunt molestiae possimus aliquid. Fugiat et deserunt distinctio.', 3, '2020-10-02 11:07:56', '2020-10-02 11:07:56'),
(89, 30, 'Telly Jones III', 'Ducimus qui facilis ad quia excepturi illum veniam sunt. Et aut dolores quas distinctio ducimus. Facilis aperiam possimus beatae distinctio nam repellendus. Quos corporis expedita et molestiae ducimus aut aut sed. Distinctio et ab rem rem alias natus.', 0, '2020-10-02 11:07:56', '2020-10-02 11:07:56'),
(90, 23, 'Dr. Aron Marks MD', 'Unde consequatur doloremque laborum odio culpa voluptatem qui. Sapiente quo molestiae voluptatem laudantium quisquam magni. Doloribus est eaque totam. Fugit fugit ut ipsa laborum ratione.', 0, '2020-10-02 11:07:56', '2020-10-02 11:07:56'),
(91, 20, 'Dolly Hoppe', 'Est unde alias porro itaque atque ducimus. Consequatur illum quis repellat quia.', 0, '2020-10-02 11:07:56', '2020-10-02 11:07:56'),
(92, 22, 'Eddie Steuber Sr.', 'Dolorem exercitationem at eius vero perferendis. Sit odit iure sed minus omnis a. Soluta et sit aut maiores facilis ducimus. Non corporis ex molestias dolores soluta veritatis ut molestiae.', 3, '2020-10-02 11:07:56', '2020-10-02 11:07:56'),
(93, 7, 'Cynthia Collins', 'Ut sed nihil modi ut. Molestiae veniam quae explicabo voluptatum at nam et. Maxime reprehenderit eum dolorum esse in repellendus voluptate nihil. Quo exercitationem accusantium ipsa dolorum.', 5, '2020-10-02 11:07:56', '2020-10-02 11:07:56'),
(94, 20, 'William Dooley', 'Odit et quibusdam officiis dolore ad. Nostrum et non non nulla. Iusto expedita placeat rerum incidunt incidunt.', 5, '2020-10-02 11:07:56', '2020-10-02 11:07:56'),
(95, 29, 'Miss Katelynn Wilderman', 'Vero voluptatem quae eos et sint. Ducimus est inventore consequuntur non asperiores repudiandae ipsum. In velit vero possimus nisi enim. Eius enim mollitia temporibus quidem et ullam laudantium. Sit optio commodi eveniet et labore officia.', 4, '2020-10-02 11:07:56', '2020-10-02 11:07:56'),
(96, 13, 'Gustave Zulauf', 'Qui harum iusto repudiandae velit accusantium. Quibusdam corporis quae enim velit. Necessitatibus modi illum aut sed ab ea.', 4, '2020-10-02 11:07:56', '2020-10-02 11:07:56'),
(97, 4, 'Miss Lura Huels Sr.', 'Quo qui dolorem voluptatibus temporibus incidunt. Illum dolorum ipsa dignissimos qui laboriosam. Omnis laudantium quia molestiae natus.', 2, '2020-10-02 11:07:56', '2020-10-02 11:07:56'),
(98, 9, 'Ernestina Heidenreich', 'Ab veniam voluptate qui in deserunt expedita qui. Omnis cum totam libero mollitia et aspernatur saepe. Officiis animi eum voluptatem eligendi vel. Enim libero sint voluptatem qui sapiente nam quia. Voluptatem praesentium tenetur ex non cumque et.', 3, '2020-10-02 11:07:56', '2020-10-02 11:07:56'),
(99, 10, 'Reyna McClure', 'Soluta pariatur consequatur natus commodi voluptate alias sed. Eum ratione voluptatibus mollitia expedita maiores placeat omnis quas. Et dolores sint excepturi error sunt dolores et. Sequi minima accusamus quis et quidem.', 0, '2020-10-02 11:07:56', '2020-10-02 11:07:56'),
(100, 13, 'Darren Lind', 'Tempora provident fugiat tempore odit. Aut dolore omnis placeat molestias eos. Quas ducimus aliquid eos ipsum voluptatem blanditiis.', 2, '2020-10-02 11:07:56', '2020-10-02 11:07:56'),
(101, 1, 'Elmore Morar DVM', 'Ratione sed et ea eligendi placeat. Soluta ex eos consectetur ab eaque et accusamus. Iusto est at optio et eos qui.', 2, '2020-10-02 11:07:56', '2020-10-02 11:07:56'),
(102, 1, 'Sonya Kling', 'Ut corrupti porro officiis laborum reiciendis et. Vel sed maxime eaque et minus non. Cupiditate maiores culpa deleniti quos dolores animi.', 1, '2020-10-02 11:07:56', '2020-10-02 11:07:56'),
(103, 23, 'Arnold Nikolaus', 'Voluptates sed est necessitatibus doloremque quas harum quia. Qui ad eum pariatur aut. Velit et id ipsum dolores non.', 5, '2020-10-02 11:07:56', '2020-10-02 11:07:56'),
(104, 5, 'Ms. Nedra Heaney I', 'Ut dignissimos nihil quaerat quia suscipit porro laboriosam. Nihil optio voluptate unde sed placeat et aut. Deleniti at dolorem velit ut odio libero. Rerum exercitationem voluptas molestiae rem voluptatem sit.', 5, '2020-10-02 11:07:56', '2020-10-02 11:07:56'),
(105, 30, 'Colton Gerlach', 'Ad aspernatur rem ullam minima ab similique. Sed molestias blanditiis voluptates fuga. Libero vel cupiditate fuga ipsa.', 0, '2020-10-02 11:07:56', '2020-10-02 11:07:56'),
(106, 12, 'Aric Trantow III', 'Placeat enim in dolorem. Ipsa cum quas minus molestiae nostrum est.', 3, '2020-10-02 11:07:56', '2020-10-02 11:07:56'),
(107, 28, 'Mr. Jensen Casper', 'Ipsam deserunt dolorem nesciunt odio. Iste dolor dolores voluptatem. Labore sit voluptatem qui et. Dignissimos consequatur et natus.', 1, '2020-10-02 11:07:56', '2020-10-02 11:07:56'),
(108, 10, 'Eden Nikolaus', 'Voluptatum quod repellat ducimus sunt. Nemo quia omnis iste ad porro non voluptatem et. Totam accusamus cupiditate facere autem eos dolore.', 4, '2020-10-02 11:07:56', '2020-10-02 11:07:56'),
(109, 21, 'Troy Beier', 'Sequi quaerat voluptas accusamus harum labore ut. Vel quibusdam quisquam soluta ea et nisi. Maxime nesciunt voluptatem ullam.', 5, '2020-10-02 11:07:56', '2020-10-02 11:07:56'),
(110, 6, 'Fatima Kunde PhD', 'Quidem qui possimus et possimus voluptas culpa. Quo iste quo non.', 0, '2020-10-02 11:07:56', '2020-10-02 11:07:56'),
(111, 26, 'Nyah Eichmann PhD', 'Debitis in ullam sed beatae provident. Eligendi est beatae magni quidem quo. Maiores commodi est doloribus fugiat aut.', 4, '2020-10-02 11:07:56', '2020-10-02 11:07:56'),
(112, 26, 'Dr. Devyn Harris', 'Quis libero itaque pariatur placeat. Non provident debitis hic veniam dolorum. Veniam repellendus qui quae sed occaecati et tempora. At fuga cum nesciunt soluta ut qui.', 1, '2020-10-02 11:07:56', '2020-10-02 11:07:56'),
(113, 13, 'Prof. David Fay', 'Dolores laudantium maxime rem nostrum. Sit est laboriosam et deleniti.', 4, '2020-10-02 11:07:56', '2020-10-02 11:07:56'),
(114, 30, 'Miss Daphne DuBuque IV', 'Iure dolor quam earum blanditiis illo suscipit labore. Sunt omnis sequi veniam quia facere esse quis. Aut iure illo totam voluptatem itaque. Eos harum delectus id laborum corporis illo.', 1, '2020-10-02 11:07:56', '2020-10-02 11:07:56'),
(115, 28, 'Dr. Raleigh Eichmann I', 'Voluptas numquam aut eius. Sit debitis et quis possimus expedita. Ipsam accusamus dolor error fuga.', 5, '2020-10-02 11:07:56', '2020-10-02 11:07:56'),
(116, 8, 'Ms. Dejah Fadel DVM', 'Dicta autem quos ex nostrum. Dignissimos exercitationem animi animi sit.', 5, '2020-10-02 11:07:56', '2020-10-02 11:07:56'),
(117, 4, 'Serena Streich', 'Molestiae est esse quia in. Quibusdam vero ratione quis ducimus ullam. Dolorem aut est nobis fugit quaerat consequatur. Veritatis quia distinctio deleniti neque.', 4, '2020-10-02 11:07:56', '2020-10-02 11:07:56'),
(118, 5, 'Mr. Marc Jacobs Sr.', 'Unde recusandae molestias cupiditate et. Dolore qui omnis recusandae eum molestiae sit. Sunt veritatis ut eos vel.', 3, '2020-10-02 11:07:56', '2020-10-02 11:07:56'),
(119, 5, 'Amber Miller', 'Non alias reprehenderit voluptatem veniam dolores. Sed aut est ducimus fugiat. Accusantium fugiat est soluta aut harum inventore vel. Aut repellat ratione reprehenderit ut qui molestiae.', 1, '2020-10-02 11:07:56', '2020-10-02 11:07:56'),
(120, 29, 'Prof. Lamar Leffler PhD', 'Dolore dolores aut corporis velit illo. Hic unde perspiciatis cupiditate reiciendis earum. Provident dignissimos consequuntur aut enim eos commodi.', 4, '2020-10-02 11:07:56', '2020-10-02 11:07:56'),
(121, 5, 'Rossie Schultz', 'Rerum minima et aut nemo. Ut dicta est provident. Et dicta est rerum deleniti odit ratione. Qui quis veritatis magnam libero iste eligendi.', 5, '2020-10-02 11:07:56', '2020-10-02 11:07:56'),
(122, 16, 'Amya Glover', 'Voluptatem et dicta odit ut autem omnis. Quae aut officiis est consequatur iusto est deserunt. Tempora rem in iste molestiae ea deserunt atque.', 1, '2020-10-02 11:07:56', '2020-10-02 11:07:56'),
(123, 20, 'Hiram Swift DVM', 'Omnis mollitia enim molestiae. Iste ut omnis tenetur itaque eum dolor.', 5, '2020-10-02 11:07:56', '2020-10-02 11:07:56'),
(124, 16, 'Juana Koch', 'Rerum eum ut ullam veritatis est ut. Consequatur sed asperiores ut voluptatum beatae. Incidunt repellat facilis numquam necessitatibus laborum minima veritatis. Quidem eaque nisi velit perferendis laboriosam ut.', 1, '2020-10-02 11:07:56', '2020-10-02 11:07:56'),
(125, 26, 'Alana Cronin', 'Voluptatum consequatur doloribus eveniet ipsam. Voluptates in accusantium a cum atque est. Atque non quis pariatur quibusdam assumenda vitae sint. Libero in aut velit quo non.', 1, '2020-10-02 11:07:56', '2020-10-02 11:07:56'),
(126, 3, 'Terence Spencer', 'Impedit deserunt sit eos omnis officia aliquam omnis non. Dignissimos vel iure at et sit. Nihil vitae facere ea libero nesciunt atque. Expedita neque qui nemo aut labore fugiat.', 1, '2020-10-02 11:07:56', '2020-10-02 11:07:56'),
(127, 1, 'Dr. Kieran Stamm', 'Maxime expedita quas ut voluptatem earum laudantium. Culpa aperiam veritatis dolores ut qui aspernatur unde. Delectus cumque cum reiciendis rerum facilis. Voluptatibus ea id ducimus sequi velit.', 4, '2020-10-02 11:07:56', '2020-10-02 11:07:56'),
(128, 7, 'Jakayla Dicki', 'Facere sit aut vitae numquam dolor qui. Veritatis id sint ex nulla sit deleniti. Velit ab accusantium voluptatem ab qui cumque maxime quasi. Nisi quos voluptas quia in quia consequatur iusto.', 0, '2020-10-02 11:07:56', '2020-10-02 11:07:56'),
(129, 12, 'Mr. Bennie Brekke Sr.', 'Occaecati enim vitae aut exercitationem ea. Non repellendus ipsa sunt.', 4, '2020-10-02 11:07:56', '2020-10-02 11:07:56'),
(130, 19, 'Sharon Mosciski III', 'Voluptatem consequatur quod quod adipisci sed corrupti minus quo. Voluptatem tenetur consequuntur sunt et vero. Et labore est omnis quaerat reiciendis.', 5, '2020-10-02 11:07:56', '2020-10-02 11:07:56'),
(131, 15, 'Devin Quigley', 'Quas mollitia et enim sequi dolores et. Iure reprehenderit consequatur non voluptatum illo nostrum officia. Saepe a explicabo ad reprehenderit sit facere. Aliquid error ipsa iste saepe.', 2, '2020-10-02 11:07:56', '2020-10-02 11:07:56'),
(132, 10, 'Mr. Narciso Considine', 'Sit eos est aut ipsam officiis quo tenetur. Saepe ut voluptas dolorem at incidunt necessitatibus debitis earum. Autem sit laboriosam magnam nobis et corporis.', 1, '2020-10-02 11:07:56', '2020-10-02 11:07:56'),
(133, 2, 'Alexane Lockman Sr.', 'Inventore pariatur maiores et quia est perspiciatis beatae. Eligendi minus excepturi quos minus fugit quis nam. Velit delectus nihil quia ipsam doloribus omnis necessitatibus.', 4, '2020-10-02 11:07:56', '2020-10-02 11:07:56'),
(134, 19, 'London Walker', 'Omnis et quia pariatur ipsum ipsam cum. Id nulla tenetur sed magni est reprehenderit consequuntur. Sit voluptas ut fugit aut sed est deserunt.', 1, '2020-10-02 11:07:56', '2020-10-02 11:07:56'),
(135, 5, 'Ricky Sanford', 'Consectetur perferendis ut enim suscipit soluta reprehenderit a. Quidem eos autem debitis. Amet praesentium atque rerum nisi excepturi dicta. Omnis quibusdam distinctio optio facere eligendi velit.', 5, '2020-10-02 11:07:56', '2020-10-02 11:07:56'),
(136, 1, 'Shayna Keebler Sr.', 'Accusamus et quidem voluptatibus inventore aut. Veniam adipisci dicta doloribus rem. Eaque nostrum in odit nisi. Omnis voluptas est qui nobis qui.', 4, '2020-10-02 11:07:56', '2020-10-02 11:07:56'),
(137, 28, 'Rita DuBuque', 'Porro alias iure eius voluptates amet cumque. Repellendus beatae modi eligendi voluptas cupiditate et numquam. Eveniet doloribus exercitationem consequatur quidem. Pariatur est aut rem ducimus.', 2, '2020-10-02 11:07:56', '2020-10-02 11:07:56'),
(138, 20, 'Cassandra Monahan', 'Nisi rerum eveniet minus odit dignissimos eius deleniti. Sint deserunt in ut minus sint quasi aspernatur. Incidunt laboriosam dolor delectus maxime provident temporibus neque qui. Assumenda qui labore accusantium rerum sit non accusantium autem.', 4, '2020-10-02 11:07:56', '2020-10-02 11:07:56'),
(139, 18, 'Kariane Douglas', 'Est et ad cupiditate. Aspernatur unde quidem eum. Et non dolores doloribus et dolore. Fuga fugiat tempore accusantium fugiat consequuntur rerum autem.', 5, '2020-10-02 11:07:56', '2020-10-02 11:07:56'),
(140, 9, 'Prof. Casimir McGlynn DDS', 'Omnis aliquid tempore cum tempore autem sequi. Ipsam quod atque modi quam. Eveniet hic asperiores enim.', 0, '2020-10-02 11:07:56', '2020-10-02 11:07:56'),
(141, 14, 'Dr. Donnie Bednar', 'Mollitia et enim omnis illo sapiente eligendi quidem. Voluptate et consequuntur maxime. Officia occaecati consequuntur sunt.', 4, '2020-10-02 11:07:56', '2020-10-02 11:07:56'),
(142, 20, 'Prof. Neal Waelchi II', 'Expedita alias enim rerum voluptate voluptate dolores. Quos est hic eius id pariatur. Delectus sint assumenda et et in. Molestiae voluptatem quia cumque non et.', 4, '2020-10-02 11:07:56', '2020-10-02 11:07:56'),
(143, 17, 'Quentin Herman DDS', 'Iusto earum consequatur ea enim. Commodi unde ipsa vitae et aut. Itaque dicta odit asperiores voluptas enim ea. Totam qui repudiandae non voluptatum et ullam odit.', 4, '2020-10-02 11:07:56', '2020-10-02 11:07:56'),
(144, 4, 'Bertha Heller', 'Quasi eum voluptates ut sit. Quod qui sed nisi aut. Magni assumenda occaecati doloribus eveniet ea enim aut ea. Quam facere voluptate totam repellendus.', 0, '2020-10-02 11:07:56', '2020-10-02 11:07:56'),
(145, 1, 'Lucas Mante', 'Accusamus enim expedita cum aut reprehenderit exercitationem quibusdam sit. Sed assumenda dolorum unde dolor sapiente. Dolorem libero consequuntur et minus dolorem voluptas quod. Odio quae quod distinctio natus ullam neque.', 3, '2020-10-02 11:07:56', '2020-10-02 11:07:56'),
(146, 24, 'Brad Smith', 'Placeat qui non incidunt et qui enim. Rerum expedita minima veritatis sit. Corrupti voluptatem maxime ut natus veniam.', 1, '2020-10-02 11:07:56', '2020-10-02 11:07:56'),
(147, 14, 'Dr. Peggie Stanton', 'Quia soluta qui aut atque laborum. Est debitis laboriosam doloremque nemo veniam quia. Sunt qui in asperiores iste.', 4, '2020-10-02 11:07:56', '2020-10-02 11:07:56'),
(148, 20, 'Mr. Rudy Lind I', 'Est temporibus temporibus impedit ut repellendus architecto aut. Distinctio reprehenderit in rerum accusamus. Aut harum a et quo magni quae possimus. Dolorem ut facere incidunt omnis facilis.', 4, '2020-10-02 11:07:56', '2020-10-02 11:07:56'),
(149, 27, 'Olen Mosciski Jr.', 'Velit rerum sed tempora praesentium. Pariatur qui doloribus consequatur recusandae ut consequatur. Excepturi facilis optio recusandae eos.', 1, '2020-10-02 11:07:56', '2020-10-02 11:07:56'),
(150, 7, 'Maryse Grant IV', 'Dolore id voluptatem saepe explicabo laborum illum non deleniti. Ipsum voluptate velit enim ratione reiciendis nisi. Amet ratione aut animi delectus quam eos.', 3, '2020-10-02 11:07:56', '2020-10-02 11:07:56'),
(151, 14, 'Eric Jacobs', 'Quaerat molestias quia quidem dicta veniam eveniet officia tenetur. Doloremque et voluptatem aspernatur dolorum. Fugit ea minus dolores. Qui maxime nisi qui excepturi sint et.', 0, '2020-10-02 11:07:56', '2020-10-02 11:07:56'),
(152, 16, 'Chauncey Rau MD', 'Sit dignissimos magnam laboriosam explicabo ea. Libero molestiae amet quasi vel in. Ducimus ea earum saepe est reprehenderit ab. Itaque earum omnis vel et qui aut tenetur.', 1, '2020-10-02 11:07:56', '2020-10-02 11:07:56'),
(153, 16, 'Mrs. Tyra Gutkowski V', 'Molestias asperiores nihil modi quod atque. Inventore consequatur ut doloremque fuga. Qui in in non sed repellendus neque nobis.', 5, '2020-10-02 11:07:56', '2020-10-02 11:07:56'),
(154, 2, 'Eda Moore', 'Rerum culpa rerum voluptas. Nemo eum quaerat earum ullam. Temporibus sit sed quasi ipsum.', 2, '2020-10-02 11:07:56', '2020-10-02 11:07:56'),
(155, 7, 'Magdalena Kirlin', 'Rem repudiandae eligendi aut consequuntur neque. Libero numquam natus veritatis quidem facere. Minus et corrupti sit occaecati debitis ut laudantium. Similique quaerat praesentium ea vero.', 5, '2020-10-02 11:07:56', '2020-10-02 11:07:56'),
(156, 26, 'Zion Graham I', 'Reiciendis asperiores quaerat maiores eos non asperiores qui illum. Expedita explicabo odio rem occaecati ut. Minima ea necessitatibus perspiciatis.', 4, '2020-10-02 11:07:56', '2020-10-02 11:07:56'),
(157, 30, 'Ms. Shaylee Mertz', 'Mollitia voluptas quis dolorem voluptate. Alias quas est sit ut. Voluptates aspernatur qui sint eaque. Natus est laboriosam sunt reprehenderit et.', 0, '2020-10-02 11:07:56', '2020-10-02 11:07:56'),
(158, 20, 'Georgiana Schoen', 'Vitae rerum quibusdam est quos molestiae illum. Cumque temporibus laboriosam alias labore ad. Dolorum voluptatem cum nisi minima ut. Voluptatem facere in et et odio esse dolor.', 0, '2020-10-02 11:07:56', '2020-10-02 11:07:56'),
(159, 5, 'Ms. Desiree Moore', 'Libero alias a ducimus quia illo delectus dolorem. Odio voluptatem quis voluptas. Voluptas voluptate hic quo aut et ullam quo.', 5, '2020-10-02 11:07:56', '2020-10-02 11:07:56'),
(160, 3, 'Miss Emelie Buckridge', 'Aspernatur reprehenderit eaque rerum vero inventore delectus et. Quam cumque ut alias nesciunt illo maxime non fugit. Similique possimus ut ut quis repellat enim. Id expedita dicta et.', 0, '2020-10-02 11:07:56', '2020-10-02 11:07:56'),
(161, 13, 'Erling Bergnaum I', 'Commodi voluptatibus iste vel labore. Error deserunt numquam eveniet nulla reprehenderit totam similique quod.', 3, '2020-10-02 11:07:56', '2020-10-02 11:07:56'),
(162, 17, 'Winston Maggio', 'Reprehenderit quo culpa tempora qui quisquam sit sint. Voluptatum aut sequi quaerat illo. Porro aut delectus nihil recusandae architecto quo. Repudiandae officia saepe minima tempore aut aliquid.', 3, '2020-10-02 11:07:56', '2020-10-02 11:07:56'),
(163, 15, 'Penelope Prosacco', 'Vitae nostrum aut sit praesentium voluptates quisquam. Molestias debitis optio voluptas et repellat similique nobis. Sed deserunt quidem alias provident omnis non velit. Molestias et quos quia tenetur necessitatibus non reiciendis.', 4, '2020-10-02 11:07:56', '2020-10-02 11:07:56'),
(164, 26, 'Reyna Jakubowski', 'Blanditiis ut voluptas est sapiente. In vero alias vel aut quidem fuga ipsam nobis.', 4, '2020-10-02 11:07:56', '2020-10-02 11:07:56'),
(165, 21, 'Wilmer Little', 'Molestiae illum nihil voluptas. Qui ab ut non voluptas debitis eveniet et. Debitis exercitationem officiis quidem rerum quis quas.', 3, '2020-10-02 11:07:56', '2020-10-02 11:07:56'),
(166, 5, 'Dr. Ashlynn Price', 'Fugit iste aperiam iusto aut praesentium possimus. Voluptates consequatur doloremque quia beatae provident ut. Cumque corporis assumenda id in.', 1, '2020-10-02 11:07:56', '2020-10-02 11:07:56'),
(167, 16, 'Mrs. Lisa Hamill Jr.', 'Voluptates animi sunt necessitatibus consequuntur. Aliquid possimus perspiciatis veniam illo minus debitis sint accusantium. Doloremque assumenda fugit saepe neque facilis. Est dicta unde cum fuga debitis voluptas.', 3, '2020-10-02 11:07:56', '2020-10-02 11:07:56'),
(168, 22, 'Libby Schmeler', 'Est laborum dignissimos veritatis aut neque. Modi repudiandae quos temporibus vel quia et. Facere qui eveniet ipsam nemo. Iusto rerum fugit nisi eaque magni consectetur tenetur.', 3, '2020-10-02 11:07:56', '2020-10-02 11:07:56'),
(169, 9, 'Rosie Beier PhD', 'Praesentium enim dolores est dicta commodi excepturi animi inventore. Autem eligendi sit maiores rem et. Non non a quam id dolorem repellat voluptatem et.', 5, '2020-10-02 11:07:56', '2020-10-02 11:07:56'),
(170, 25, 'Kareem Orn', 'Rerum labore fuga illum temporibus nihil ipsa. Omnis rem quaerat dolor dolor rerum. Soluta nihil aut et beatae voluptatem totam rerum.', 5, '2020-10-02 11:07:56', '2020-10-02 11:07:56'),
(171, 19, 'Bailey Fay', 'Possimus aut aspernatur et quam molestiae eos reprehenderit quam. Quam et animi delectus debitis explicabo. Numquam sint voluptatum numquam corrupti qui omnis.', 1, '2020-10-02 11:07:56', '2020-10-02 11:07:56'),
(172, 22, 'Jesus Wintheiser Jr.', 'Ad sint autem provident doloribus beatae sit consequuntur. Et aliquid dolor voluptas est laudantium. Voluptates harum qui nulla sit. Facere vitae quasi ut suscipit ut id ullam.', 5, '2020-10-02 11:07:56', '2020-10-02 11:07:56'),
(173, 19, 'Davion Walter', 'Excepturi sed magnam sit occaecati ut exercitationem. Culpa repudiandae explicabo labore sed et voluptate minus. Molestiae aperiam inventore quo est. Amet reprehenderit autem ratione autem perspiciatis similique. Ducimus tenetur voluptatem odio id minus minima ipsa.', 0, '2020-10-02 11:07:57', '2020-10-02 11:07:57'),
(174, 11, 'Nyah Mante', 'Et et et qui repudiandae veniam. Beatae maxime et velit dicta voluptas ab dolores pariatur. Ut deserunt at libero cumque dolor eum.', 2, '2020-10-02 11:07:57', '2020-10-02 11:07:57'),
(175, 2, 'Lennie Schaden', 'Voluptas est nam consequuntur aliquam sit inventore ducimus. Debitis nihil velit id omnis consequuntur ipsa. Omnis incidunt eius consequuntur ut. Asperiores quo autem voluptas quia aut ea.', 3, '2020-10-02 11:07:57', '2020-10-02 11:07:57'),
(176, 23, 'Jean Crona Sr.', 'Amet harum iste exercitationem. Autem voluptatem aliquid eveniet aut velit. Ut fugiat et cumque consequatur. Sapiente voluptatem cupiditate excepturi non laborum ut molestiae.', 2, '2020-10-02 11:07:57', '2020-10-02 11:07:57'),
(177, 5, 'Prof. Rupert VonRueden', 'Debitis voluptas a nostrum aliquid aliquid impedit fugit. Vitae aliquam aut eligendi nobis facilis dolorum nulla. Quas et ea blanditiis velit molestias.', 0, '2020-10-02 11:07:57', '2020-10-02 11:07:57'),
(178, 13, 'Amy Krajcik MD', 'Itaque saepe laudantium quidem nisi adipisci quod aliquid amet. Earum eius ut et ipsa modi vitae. Est neque suscipit non autem consectetur vel dolorem minus. Nam recusandae rerum et ratione unde repellendus.', 4, '2020-10-02 11:07:57', '2020-10-02 11:07:57'),
(179, 29, 'Sharon Stroman', 'Impedit voluptas quasi autem repellendus aut tempora. Consequatur unde adipisci deleniti rerum. Non in labore eaque eos atque. Error cumque minima veniam et eos aliquid quia.', 1, '2020-10-02 11:07:57', '2020-10-02 11:07:57'),
(180, 17, 'Zaria Pfannerstill', 'Quam rerum sit maxime voluptatem maiores distinctio quaerat voluptas. Cum tempore cum animi quo ut aut. Adipisci incidunt occaecati qui facilis consequatur a commodi accusantium. Est quaerat dolores aperiam et eveniet.', 4, '2020-10-02 11:07:57', '2020-10-02 11:07:57'),
(181, 20, 'Cale Mosciski', 'Et aut et laudantium dicta sit eius iure. Voluptatem dolores accusamus cupiditate ducimus. Et dolorum perferendis accusantium quam. Suscipit nihil nihil adipisci vel sit.', 2, '2020-10-02 11:07:57', '2020-10-02 11:07:57'),
(182, 14, 'Mozell Hills II', 'Illum in molestias est quidem nesciunt. Recusandae optio aut est. Voluptatum excepturi sunt est enim officiis qui ullam atque.', 5, '2020-10-02 11:07:57', '2020-10-02 11:07:57'),
(183, 10, 'Eve Raynor', 'Repellat porro quia numquam aut. Provident quaerat est provident exercitationem qui veniam rerum magni. Voluptatem culpa impedit omnis cum officia distinctio est sed. Minima qui provident cumque deleniti fugit delectus.', 0, '2020-10-02 11:07:57', '2020-10-02 11:07:57'),
(184, 26, 'Jackeline Swaniawski', 'Vero et ut necessitatibus ad aut. Assumenda est voluptate et voluptate ipsa. Dolorum quas asperiores rerum nemo.', 1, '2020-10-02 11:07:57', '2020-10-02 11:07:57'),
(185, 21, 'Hollis Abshire', 'Dolorem possimus magnam quam earum doloribus dolorem omnis. Molestiae voluptas est eius dicta. Quis et delectus nemo. Quisquam incidunt aut nesciunt non quia porro.', 3, '2020-10-02 11:07:57', '2020-10-02 11:07:57'),
(186, 19, 'Miss Mozell Smith MD', 'Voluptate qui necessitatibus aut incidunt. Officia aut sed dignissimos. Magnam delectus in deleniti velit. Nemo cum quisquam architecto voluptatem sequi fugit.', 5, '2020-10-02 11:07:57', '2020-10-02 11:07:57'),
(187, 28, 'Flossie Mosciski I', 'Nihil qui aut tenetur. Aut eos repudiandae quis sit itaque molestiae. Accusamus cum dolores est consequatur. Consequatur qui accusamus culpa in repellendus voluptatem commodi.', 0, '2020-10-02 11:07:57', '2020-10-02 11:07:57'),
(188, 1, 'Dell Harvey', 'Ut molestiae officia laborum qui eius quo. Perspiciatis rem molestias velit. Consectetur quis quos quia facere sed aut.', 0, '2020-10-02 11:07:57', '2020-10-02 11:07:57'),
(189, 2, 'Godfrey Beatty', 'Perferendis suscipit aut voluptatem nulla fugiat mollitia voluptatem et. Temporibus sed et vel aut. Facilis perferendis fugiat placeat consequatur commodi. Alias et vero sunt quisquam itaque optio.', 3, '2020-10-02 11:07:57', '2020-10-02 11:07:57'),
(190, 1, 'Dr. Irma Ryan MD', 'Quae cupiditate praesentium mollitia nulla quis reiciendis. Rerum dolores molestiae rerum.', 2, '2020-10-02 11:07:57', '2020-10-02 11:07:57'),
(191, 3, 'Mr. Steve O\'Hara', 'Rem provident in consequatur in eos rem. Optio ullam eveniet eum aut doloremque. Ducimus atque quis quo. Fugiat ab unde ut suscipit recusandae maiores nostrum nam.', 2, '2020-10-02 11:07:57', '2020-10-02 11:07:57'),
(192, 2, 'Abbie Mann', 'Voluptas nobis praesentium voluptatem animi. Rerum beatae est eos eligendi. Sapiente et maiores odit a et non enim nam. Atque quam repellat et.', 0, '2020-10-02 11:07:57', '2020-10-02 11:07:57'),
(193, 8, 'Margot Conroy', 'Expedita explicabo eaque suscipit explicabo quia quisquam cumque. Eos facilis beatae veritatis quo atque dolores. Et minima fuga provident qui.', 2, '2020-10-02 11:07:57', '2020-10-02 11:07:57'),
(194, 4, 'Makenna Streich Jr.', 'Corporis eius totam ratione distinctio accusamus aperiam. Est dolor consequatur sint reiciendis similique. Consectetur eaque eos aperiam consequatur eaque eligendi. Ipsam at omnis sint facilis quam blanditiis.', 4, '2020-10-02 11:07:57', '2020-10-02 11:07:57'),
(195, 12, 'Eliseo Balistreri', 'Debitis et ut error magni vitae. Repellendus aut quod ad voluptatibus incidunt.', 0, '2020-10-02 11:07:57', '2020-10-02 11:07:57'),
(196, 22, 'Davin Orn', 'Et ducimus dolorem officia et et voluptas maiores. Saepe qui laboriosam voluptas voluptatem quam beatae. Deserunt a distinctio quod est occaecati.', 5, '2020-10-02 11:07:57', '2020-10-02 11:07:57'),
(197, 14, 'Ayden O\'Hara', 'Sint similique deserunt omnis cumque error. Quidem ratione asperiores et ducimus iste. Nostrum sit culpa dignissimos iusto. Magnam quia non dolor et.', 3, '2020-10-02 11:07:57', '2020-10-02 11:07:57'),
(198, 7, 'Kaylin Schultz', 'Beatae porro et vitae sit aliquam a. Et quia deserunt qui facilis et aut et.', 0, '2020-10-02 11:07:57', '2020-10-02 11:07:57'),
(199, 23, 'Flossie Hills', 'Quia quis nulla ipsum cumque voluptatem est atque autem. Iure voluptatem ad nulla est reprehenderit. Praesentium corporis rerum rerum ut odit accusantium mollitia.', 0, '2020-10-02 11:07:57', '2020-10-02 11:07:57'),
(200, 28, 'Giuseppe Carroll', 'Ab expedita ab cupiditate facere est in at. Laudantium consectetur et alias accusamus aut. Provident et quos expedita necessitatibus fuga. Cupiditate ullam nam ut odio assumenda maxime quo.', 3, '2020-10-02 11:07:57', '2020-10-02 11:07:57');

-- --------------------------------------------------------

--
-- Table structure for table `users`
--

CREATE TABLE `users` (
  `id` bigint(20) UNSIGNED NOT NULL,
  `name` varchar(255) COLLATE utf8mb4_unicode_ci NOT NULL,
  `email` varchar(255) COLLATE utf8mb4_unicode_ci NOT NULL,
  `email_verified_at` timestamp NULL DEFAULT NULL,
  `password` varchar(255) COLLATE utf8mb4_unicode_ci NOT NULL,
  `remember_token` varchar(100) COLLATE utf8mb4_unicode_ci DEFAULT NULL,
  `created_at` timestamp NULL DEFAULT NULL,
  `updated_at` timestamp NULL DEFAULT NULL
) ENGINE=InnoDB DEFAULT CHARSET=utf8mb4 COLLATE=utf8mb4_unicode_ci;

--
-- Indexes for dumped tables
--

--
-- Indexes for table `failed_jobs`
--
ALTER TABLE `failed_jobs`
  ADD PRIMARY KEY (`id`),
  ADD UNIQUE KEY `failed_jobs_uuid_unique` (`uuid`);

--
-- Indexes for table `migrations`
--
ALTER TABLE `migrations`
  ADD PRIMARY KEY (`id`);

--
-- Indexes for table `password_resets`
--
ALTER TABLE `password_resets`
  ADD KEY `password_resets_email_index` (`email`);

--
-- Indexes for table `products`
--
ALTER TABLE `products`
  ADD PRIMARY KEY (`id`);

--
-- Indexes for table `reviews`
--
ALTER TABLE `reviews`
  ADD PRIMARY KEY (`id`),
  ADD KEY `reviews_product_id_index` (`product_id`);

--
-- Indexes for table `users`
--
ALTER TABLE `users`
  ADD PRIMARY KEY (`id`),
  ADD UNIQUE KEY `users_email_unique` (`email`);

--
-- AUTO_INCREMENT for dumped tables
--

--
-- AUTO_INCREMENT for table `failed_jobs`
--
ALTER TABLE `failed_jobs`
  MODIFY `id` bigint(20) UNSIGNED NOT NULL AUTO_INCREMENT;

--
-- AUTO_INCREMENT for table `migrations`
--
ALTER TABLE `migrations`
  MODIFY `id` int(10) UNSIGNED NOT NULL AUTO_INCREMENT, AUTO_INCREMENT=6;

--
-- AUTO_INCREMENT for table `products`
--
ALTER TABLE `products`
  MODIFY `id` bigint(20) UNSIGNED NOT NULL AUTO_INCREMENT, AUTO_INCREMENT=31;

--
-- AUTO_INCREMENT for table `reviews`
--
ALTER TABLE `reviews`
  MODIFY `id` bigint(20) UNSIGNED NOT NULL AUTO_INCREMENT, AUTO_INCREMENT=201;

--
-- AUTO_INCREMENT for table `users`
--
ALTER TABLE `users`
  MODIFY `id` bigint(20) UNSIGNED NOT NULL AUTO_INCREMENT;

--
-- Constraints for dumped tables
--

--
-- Constraints for table `reviews`
--
ALTER TABLE `reviews`
  ADD CONSTRAINT `reviews_product_id_foreign` FOREIGN KEY (`product_id`) REFERENCES `products` (`id`) ON DELETE CASCADE;
COMMIT;

/*!40101 SET CHARACTER_SET_CLIENT=@OLD_CHARACTER_SET_CLIENT */;
/*!40101 SET CHARACTER_SET_RESULTS=@OLD_CHARACTER_SET_RESULTS */;
/*!40101 SET COLLATION_CONNECTION=@OLD_COLLATION_CONNECTION */;
